{"created_at":"Tue Oct 11 06:24:42 +0000 2016","id":785727809310175232,"id_str":"785727809310175232","text":"Pound to Euro exchange rate: It's now less than one euro t... https:\/\/t.co\/9Gk7dog0ws via @UKIPNFKN https:\/\/t.co\/a2DCEJzpFn","display_text_range":[0,99],"source":"\u003ca href=\"https:\/\/www.brexittopnews.com\/app\" rel=\"nofollow\"\u003eBrexit Top News\u003c\/a\u003e","truncated":false,"in_reply_to_status_id":null,"in_reply_to_status_id_str":null,"in_reply_to_user_id":null,"in_reply_to_user_id_str":null,"in_reply_to_screen_name":null,"user":{"id":748693568978505728,"id_str":"748693568978505728","name":"Brexit Top News","screen_name":"BrexitTopNews","location":null,"url":"http:\/\/gettopical.com\/brexit","description":"Follow us for the top Brexit news, curated by the Twitter community.","protected":false,"verified":false,"followers_count":20,"friends_count":4,"listed_count":5,"favourites_count":0,"statuses_count":1697,"created_at":"Fri Jul 01 01:43:51 +0000 2016","utc_offset":null,"time_zone":null,"geo_enabled":false,"lang":"en","contributors_enabled":false,"is_translator":false,"profile_background_color":"F5F8FA","profile_background_image_url":"","profile_background_image_url_https":"","profile_background_tile":false,"profile_link_color":"2B7BB9","profile_sidebar_border_color":"C0DEED","profile_sidebar_fill_color":"DDEEF6","profile_text_color":"333333","profile_use_background_image":true,"profile_image_url":"http:\/\/pbs.twimg.com\/profile_images\/748700278732369920\/Ia6OjTrb_normal.jpg","profile_image_url_https":"https:\/\/pbs.twimg.com\/profile_images\/748700278732369920\/Ia6OjTrb_normal.jpg","default_profile":true,"default_profile_image":false,"following":null,"follow_request_sent":null,"notifications":null},"geo":null,"coordinates":null,"place":null,"contributors":null,"is_quote_status":false,"retweet_count":0,"favorite_count":0,"entities":{"hashtags":[],"urls":[{"url":"https:\/\/t.co\/9Gk7dog0ws","expanded_url":"http:\/\/gettopical.com\/brexit\/75c2e8bf79e49bfeef5d29a06240a4a3?src=twitter","display_url":"gettopical.com\/brexit\/75c2e8b\u2026","indices":[62,85]}],"user_mentions":[{"screen_name":"UKIPNFKN","name":"UKIP Nonsense - 48%","id":3235220435,"id_str":"3235220435","indices":[90,99]}],"symbols":[],"media":[{"id":785727807091462144,"id_str":"785727807091462144","indices":[100,123],"media_url":"http:\/\/pbs.twimg.com\/media\/Cud3Rw_VUAAzDea.jpg","media_url_https":"https:\/\/pbs.twimg.com\/media\/Cud3Rw_VUAAzDea.jpg","url":"https:\/\/t.co\/a2DCEJzpFn","display_url":"pic.twitter.com\/a2DCEJzpFn","expanded_url":"https:\/\/twitter.com\/BrexitTopNews\/status\/785727809310175232\/photo\/1","type":"photo","sizes":{"thumb":{"w":150,"h":150,"resize":"crop"},"large":{"w":440,"h":220,"resize":"fit"},"small":{"w":440,"h":220,"resize":"fit"},"medium":{"w":440,"h":220,"resize":"fit"}}}]},"extended_entities":{"media":[{"id":785727807091462144,"id_str":"785727807091462144","indices":[100,123],"media_url":"http:\/\/pbs.twimg.com\/media\/Cud3Rw_VUAAzDea.jpg","media_url_https":"https:\/\/pbs.twimg.com\/media\/Cud3Rw_VUAAzDea.jpg","url":"https:\/\/t.co\/a2DCEJzpFn","display_url":"pic.twitter.com\/a2DCEJzpFn","expanded_url":"https:\/\/twitter.com\/BrexitTopNews\/status\/785727809310175232\/photo\/1","type":"photo","sizes":{"thumb":{"w":150,"h":150,"resize":"crop"},"large":{"w":440,"h":220,"resize":"fit"},"small":{"w":440,"h":220,"resize":"fit"},"medium":{"w":440,"h":220,"resize":"fit"}}}]},"favorited":false,"retweeted":false,"possibly_sensitive":false,"filter_level":"low","lang":"en","timestamp_ms":"1476167082513"}
{"created_at":"Tue Oct 11 06:24:42 +0000 2016","id":785727810572804096,"id_str":"785727810572804096","text":"RT @jonathancoe: David Davis now says Brexit has an 'overwhelming' mandate. If 51.9% means overwhelming, I'm 51.9% certain that he's an idi\u2026","source":"\u003ca href=\"http:\/\/twitter.com\/download\/android\" rel=\"nofollow\"\u003eTwitter for Android\u003c\/a\u003e","truncated":false,"in_reply_to_status_id":null,"in_reply_to_status_id_str":null,"in_reply_to_user_id":null,"in_reply_to_user_id_str":null,"in_reply_to_screen_name":null,"user":{"id":107115851,"id_str":"107115851","name":"David Curtis","screen_name":"OOTSAD","location":"Stratford-Upon-Avon, England","url":"http:\/\/www.orchestraoftheswan.org","description":"Musician, (triathlete & cook), who believes music make lives better...","protected":false,"verified":false,"followers_count":306,"friends_count":612,"listed_count":8,"favourites_count":33,"statuses_count":912,"created_at":"Thu Jan 21 16:03:39 +0000 2010","utc_offset":3600,"time_zone":"London","geo_enabled":true,"lang":"en","contributors_enabled":false,"is_translator":false,"profile_background_color":"C0DEED","profile_background_image_url":"http:\/\/abs.twimg.com\/images\/themes\/theme1\/bg.png","profile_background_image_url_https":"https:\/\/abs.twimg.com\/images\/themes\/theme1\/bg.png","profile_background_tile":false,"profile_link_color":"0084B4","profile_sidebar_border_color":"C0DEED","profile_sidebar_fill_color":"DDEEF6","profile_text_color":"333333","profile_use_background_image":true,"profile_image_url":"http:\/\/pbs.twimg.com\/profile_images\/665598807095312384\/mTlQ114p_normal.jpg","profile_image_url_https":"https:\/\/pbs.twimg.com\/profile_images\/665598807095312384\/mTlQ114p_normal.jpg","profile_banner_url":"https:\/\/pbs.twimg.com\/profile_banners\/107115851\/1447527408","default_profile":true,"default_profile_image":false,"following":null,"follow_request_sent":null,"notifications":null},"geo":null,"coordinates":null,"place":null,"contributors":null,"retweeted_status":{"created_at":"Mon Oct 10 15:48:48 +0000 2016","id":785507383527211008,"id_str":"785507383527211008","text":"David Davis now says Brexit has an 'overwhelming' mandate. If 51.9% means overwhelming, I'm 51.9% certain that he's an idiot.","source":"\u003ca href=\"http:\/\/twitter.com\/download\/iphone\" rel=\"nofollow\"\u003eTwitter for iPhone\u003c\/a\u003e","truncated":false,"in_reply_to_status_id":null,"in_reply_to_status_id_str":null,"in_reply_to_user_id":null,"in_reply_to_user_id_str":null,"in_reply_to_screen_name":null,"user":{"id":2615638435,"id_str":"2615638435","name":"Jonathan Coe","screen_name":"jonathancoe","location":"London","url":"http:\/\/jonathancoewriter.com","description":"Storyteller. Author of What a Carve Up, La Maison du sommeil, La Banda dei Brocchi, Number 11 and others too humorous to mention.","protected":false,"verified":true,"followers_count":7311,"friends_count":735,"listed_count":87,"favourites_count":790,"statuses_count":2568,"created_at":"Thu Jul 10 14:48:27 +0000 2014","utc_offset":3600,"time_zone":"London","geo_enabled":false,"lang":"en-gb","contributors_enabled":false,"is_translator":false,"profile_background_color":"C0DEED","profile_background_image_url":"http:\/\/abs.twimg.com\/images\/themes\/theme1\/bg.png","profile_background_image_url_https":"https:\/\/abs.twimg.com\/images\/themes\/theme1\/bg.png","profile_background_tile":false,"profile_link_color":"0084B4","profile_sidebar_border_color":"C0DEED","profile_sidebar_fill_color":"DDEEF6","profile_text_color":"333333","profile_use_background_image":true,"profile_image_url":"http:\/\/pbs.twimg.com\/profile_images\/767729997201244164\/GITZ9bx3_normal.jpg","profile_image_url_https":"https:\/\/pbs.twimg.com\/profile_images\/767729997201244164\/GITZ9bx3_normal.jpg","profile_banner_url":"https:\/\/pbs.twimg.com\/profile_banners\/2615638435\/1405006034","default_profile":true,"default_profile_image":false,"following":null,"follow_request_sent":null,"notifications":null},"geo":null,"coordinates":null,"place":null,"contributors":null,"is_quote_status":false,"retweet_count":518,"favorite_count":700,"entities":{"hashtags":[],"urls":[],"user_mentions":[],"symbols":[]},"favorited":false,"retweeted":false,"filter_level":"low","lang":"en"},"is_quote_status":false,"retweet_count":0,"favorite_count":0,"entities":{"hashtags":[],"urls":[],"user_mentions":[{"screen_name":"jonathancoe","name":"Jonathan Coe","id":2615638435,"id_str":"2615638435","indices":[3,15]}],"symbols":[]},"favorited":false,"retweeted":false,"filter_level":"low","lang":"en","timestamp_ms":"1476167082814"}
{"created_at":"Tue Oct 11 06:24:43 +0000 2016","id":785727813374603264,"id_str":"785727813374603264","text":"RT @derekvaughan: As predicted #Brexit will be an economic and financial disaster https:\/\/t.co\/KnX9vf9biP","source":"\u003ca href=\"http:\/\/twitter.com\/#!\/download\/ipad\" rel=\"nofollow\"\u003eTwitter for iPad\u003c\/a\u003e","truncated":false,"in_reply_to_status_id":null,"in_reply_to_status_id_str":null,"in_reply_to_user_id":null,"in_reply_to_user_id_str":null,"in_reply_to_screen_name":null,"user":{"id":36063034,"id_str":"36063034","name":"ron white","screen_name":"gibbonape","location":"United Kingdom","url":null,"description":"Long time expat Kiwi semi-native in UK. Would fail UK nationality test. Backs All Blacks & whistle blowers but not users of language to conceal\/prevent thought.","protected":false,"verified":false,"followers_count":508,"friends_count":854,"listed_count":97,"favourites_count":3129,"statuses_count":40691,"created_at":"Tue Apr 28 13:24:39 +0000 2009","utc_offset":3600,"time_zone":"London","geo_enabled":true,"lang":"en","contributors_enabled":false,"is_translator":false,"profile_background_color":"C0DEED","profile_background_image_url":"http:\/\/abs.twimg.com\/images\/themes\/theme1\/bg.png","profile_background_image_url_https":"https:\/\/abs.twimg.com\/images\/themes\/theme1\/bg.png","profile_background_tile":false,"profile_link_color":"0084B4","profile_sidebar_border_color":"C0DEED","profile_sidebar_fill_color":"DDEEF6","profile_text_color":"333333","profile_use_background_image":true,"profile_image_url":"http:\/\/pbs.twimg.com\/profile_images\/469720571027402754\/klKvUOaz_normal.jpeg","profile_image_url_https":"https:\/\/pbs.twimg.com\/profile_images\/469720571027402754\/klKvUOaz_normal.jpeg","profile_banner_url":"https:\/\/pbs.twimg.com\/profile_banners\/36063034\/1400825171","default_profile":true,"default_profile_image":false,"following":null,"follow_request_sent":null,"notifications":null},"geo":null,"coordinates":null,"place":null,"contributors":null,"retweeted_status":{"created_at":"Mon Oct 10 21:28:49 +0000 2016","id":785592948117409792,"id_str":"785592948117409792","text":"As predicted #Brexit will be an economic and financial disaster https:\/\/t.co\/KnX9vf9biP","source":"\u003ca href=\"http:\/\/twitter.com\/download\/iphone\" rel=\"nofollow\"\u003eTwitter for iPhone\u003c\/a\u003e","truncated":false,"in_reply_to_status_id":null,"in_reply_to_status_id_str":null,"in_reply_to_user_id":null,"in_reply_to_user_id_str":null,"in_reply_to_screen_name":null,"user":{"id":21707498,"id_str":"21707498","name":"Derek Vaughan MEP","screen_name":"derekvaughan","location":"Wales","url":"http:\/\/www.derekvaughanmep.org.uk","description":"Labour Member of the European Parliament for Wales","protected":false,"verified":false,"followers_count":5357,"friends_count":2491,"listed_count":292,"favourites_count":333,"statuses_count":10625,"created_at":"Mon Feb 23 23:32:19 +0000 2009","utc_offset":-28800,"time_zone":"Alaska","geo_enabled":false,"lang":"en","contributors_enabled":false,"is_translator":false,"profile_background_color":"C0DEED","profile_background_image_url":"http:\/\/pbs.twimg.com\/profile_background_images\/136963376\/eu_flag.jpg","profile_background_image_url_https":"https:\/\/pbs.twimg.com\/profile_background_images\/136963376\/eu_flag.jpg","profile_background_tile":true,"profile_link_color":"0084B4","profile_sidebar_border_color":"C0DEED","profile_sidebar_fill_color":"DDEEF6","profile_text_color":"333333","profile_use_background_image":true,"profile_image_url":"http:\/\/pbs.twimg.com\/profile_images\/784397608513044480\/BfyOO6En_normal.jpg","profile_image_url_https":"https:\/\/pbs.twimg.com\/profile_images\/784397608513044480\/BfyOO6En_normal.jpg","default_profile":false,"default_profile_image":false,"following":null,"follow_request_sent":null,"notifications":null},"geo":null,"coordinates":null,"place":null,"contributors":null,"quoted_status_id":785591847557234688,"quoted_status_id_str":"785591847557234688","quoted_status":{"created_at":"Mon Oct 10 21:24:26 +0000 2016","id":785591847557234688,"id_str":"785591847557234688","text":"Tuesday's Times front page:\n\"Hard Brexit could cost \u00a366bn a year\"\n#tomorrowspaperstoday #bbcpapers\n(via @suttonnick)\nhttps:\/\/t.co\/9bEAicy0N9","source":"\u003ca href=\"https:\/\/about.twitter.com\/products\/tweetdeck\" rel=\"nofollow\"\u003eTweetDeck\u003c\/a\u003e","truncated":false,"in_reply_to_status_id":null,"in_reply_to_status_id_str":null,"in_reply_to_user_id":null,"in_reply_to_user_id_str":null,"in_reply_to_screen_name":null,"user":{"id":612473,"id_str":"612473","name":"BBC News (UK)","screen_name":"BBCNews","location":"London","url":"http:\/\/www.bbc.co.uk\/news","description":"News, features and analysis (http:\/\/bbc.in\/newschannel). World news, follow @BBCWorld. Breaking news, follow @BBCBreaking. Latest sport news @BBCSport","protected":false,"verified":true,"followers_count":7243782,"friends_count":87,"listed_count":35921,"favourites_count":19,"statuses_count":309317,"created_at":"Mon Jan 08 08:05:57 +0000 2007","utc_offset":3600,"time_zone":"London","geo_enabled":true,"lang":"en","contributors_enabled":false,"is_translator":false,"profile_background_color":"FFFFFF","profile_background_image_url":"http:\/\/pbs.twimg.com\/profile_background_images\/459296034556887040\/n6vuQ9J2.jpeg","profile_background_image_url_https":"https:\/\/pbs.twimg.com\/profile_background_images\/459296034556887040\/n6vuQ9J2.jpeg","profile_background_tile":false,"profile_link_color":"1F527B","profile_sidebar_border_color":"FFFFFF","profile_sidebar_fill_color":"FFFFFF","profile_text_color":"5A5A5A","profile_use_background_image":true,"profile_image_url":"http:\/\/pbs.twimg.com\/profile_images\/522359694891819009\/D7KgM7an_normal.jpeg","profile_image_url_https":"https:\/\/pbs.twimg.com\/profile_images\/522359694891819009\/D7KgM7an_normal.jpeg","profile_banner_url":"https:\/\/pbs.twimg.com\/profile_banners\/612473\/1467627928","default_profile":false,"default_profile_image":false,"following":null,"follow_request_sent":null,"notifications":null},"geo":null,"coordinates":null,"place":null,"contributors":null,"is_quote_status":false,"retweet_count":141,"favorite_count":53,"entities":{"hashtags":[{"text":"tomorrowspaperstoday","indices":[66,87]},{"text":"bbcpapers","indices":[88,98]}],"urls":[],"user_mentions":[{"screen_name":"suttonnick","name":"Nick Sutton","id":21910500,"id_str":"21910500","indices":[104,115]}],"symbols":[],"media":[{"id":785590412819959808,"id_str":"785590412819959808","indices":[117,140],"media_url":"http:\/\/pbs.twimg.com\/media\/Cub6UXcWEAAft_j.jpg","media_url_https":"https:\/\/pbs.twimg.com\/media\/Cub6UXcWEAAft_j.jpg","url":"https:\/\/t.co\/9bEAicy0N9","display_url":"pic.twitter.com\/9bEAicy0N9","expanded_url":"https:\/\/twitter.com\/suttonnick\/status\/785590430712885248\/photo\/1","type":"photo","sizes":{"small":{"w":534,"h":680,"resize":"fit"},"large":{"w":1608,"h":2048,"resize":"fit"},"medium":{"w":942,"h":1200,"resize":"fit"},"thumb":{"w":150,"h":150,"resize":"crop"}},"source_status_id":785590430712885248,"source_status_id_str":"785590430712885248","source_user_id":21910500,"source_user_id_str":"21910500"}]},"extended_entities":{"media":[{"id":785590412819959808,"id_str":"785590412819959808","indices":[117,140],"media_url":"http:\/\/pbs.twimg.com\/media\/Cub6UXcWEAAft_j.jpg","media_url_https":"https:\/\/pbs.twimg.com\/media\/Cub6UXcWEAAft_j.jpg","url":"https:\/\/t.co\/9bEAicy0N9","display_url":"pic.twitter.com\/9bEAicy0N9","expanded_url":"https:\/\/twitter.com\/suttonnick\/status\/785590430712885248\/photo\/1","type":"photo","sizes":{"small":{"w":534,"h":680,"resize":"fit"},"large":{"w":1608,"h":2048,"resize":"fit"},"medium":{"w":942,"h":1200,"resize":"fit"},"thumb":{"w":150,"h":150,"resize":"crop"}},"source_status_id":785590430712885248,"source_status_id_str":"785590430712885248","source_user_id":21910500,"source_user_id_str":"21910500"}]},"favorited":false,"retweeted":false,"possibly_sensitive":false,"filter_level":"low","lang":"en"},"is_quote_status":true,"retweet_count":16,"favorite_count":13,"entities":{"hashtags":[{"text":"Brexit","indices":[13,20]}],"urls":[{"url":"https:\/\/t.co\/KnX9vf9biP","expanded_url":"https:\/\/twitter.com\/bbcnews\/status\/785591847557234688","display_url":"twitter.com\/bbcnews\/status\u2026","indices":[64,87]}],"user_mentions":[],"symbols":[]},"favorited":false,"retweeted":false,"possibly_sensitive":false,"filter_level":"low","lang":"en"},"quoted_status_id":785591847557234688,"quoted_status_id_str":"785591847557234688","quoted_status":{"created_at":"Mon Oct 10 21:24:26 +0000 2016","id":785591847557234688,"id_str":"785591847557234688","text":"Tuesday's Times front page:\n\"Hard Brexit could cost \u00a366bn a year\"\n#tomorrowspaperstoday #bbcpapers\n(via @suttonnick)\nhttps:\/\/t.co\/9bEAicy0N9","source":"\u003ca href=\"https:\/\/about.twitter.com\/products\/tweetdeck\" rel=\"nofollow\"\u003eTweetDeck\u003c\/a\u003e","truncated":false,"in_reply_to_status_id":null,"in_reply_to_status_id_str":null,"in_reply_to_user_id":null,"in_reply_to_user_id_str":null,"in_reply_to_screen_name":null,"user":{"id":612473,"id_str":"612473","name":"BBC News (UK)","screen_name":"BBCNews","location":"London","url":"http:\/\/www.bbc.co.uk\/news","description":"News, features and analysis (http:\/\/bbc.in\/newschannel). World news, follow @BBCWorld. Breaking news, follow @BBCBreaking. Latest sport news @BBCSport","protected":false,"verified":true,"followers_count":7243782,"friends_count":87,"listed_count":35921,"favourites_count":19,"statuses_count":309317,"created_at":"Mon Jan 08 08:05:57 +0000 2007","utc_offset":3600,"time_zone":"London","geo_enabled":true,"lang":"en","contributors_enabled":false,"is_translator":false,"profile_background_color":"FFFFFF","profile_background_image_url":"http:\/\/pbs.twimg.com\/profile_background_images\/459296034556887040\/n6vuQ9J2.jpeg","profile_background_image_url_https":"https:\/\/pbs.twimg.com\/profile_background_images\/459296034556887040\/n6vuQ9J2.jpeg","profile_background_tile":false,"profile_link_color":"1F527B","profile_sidebar_border_color":"FFFFFF","profile_sidebar_fill_color":"FFFFFF","profile_text_color":"5A5A5A","profile_use_background_image":true,"profile_image_url":"http:\/\/pbs.twimg.com\/profile_images\/522359694891819009\/D7KgM7an_normal.jpeg","profile_image_url_https":"https:\/\/pbs.twimg.com\/profile_images\/522359694891819009\/D7KgM7an_normal.jpeg","profile_banner_url":"https:\/\/pbs.twimg.com\/profile_banners\/612473\/1467627928","default_profile":false,"default_profile_image":false,"following":null,"follow_request_sent":null,"notifications":null},"geo":null,"coordinates":null,"place":null,"contributors":null,"is_quote_status":false,"retweet_count":141,"favorite_count":53,"entities":{"hashtags":[{"text":"tomorrowspaperstoday","indices":[66,87]},{"text":"bbcpapers","indices":[88,98]}],"urls":[],"user_mentions":[{"screen_name":"suttonnick","name":"Nick Sutton","id":21910500,"id_str":"21910500","indices":[104,115]}],"symbols":[],"media":[{"id":785590412819959808,"id_str":"785590412819959808","indices":[117,140],"media_url":"http:\/\/pbs.twimg.com\/media\/Cub6UXcWEAAft_j.jpg","media_url_https":"https:\/\/pbs.twimg.com\/media\/Cub6UXcWEAAft_j.jpg","url":"https:\/\/t.co\/9bEAicy0N9","display_url":"pic.twitter.com\/9bEAicy0N9","expanded_url":"https:\/\/twitter.com\/suttonnick\/status\/785590430712885248\/photo\/1","type":"photo","sizes":{"small":{"w":534,"h":680,"resize":"fit"},"large":{"w":1608,"h":2048,"resize":"fit"},"medium":{"w":942,"h":1200,"resize":"fit"},"thumb":{"w":150,"h":150,"resize":"crop"}},"source_status_id":785590430712885248,"source_status_id_str":"785590430712885248","source_user_id":21910500,"source_user_id_str":"21910500"}]},"extended_entities":{"media":[{"id":785590412819959808,"id_str":"785590412819959808","indices":[117,140],"media_url":"http:\/\/pbs.twimg.com\/media\/Cub6UXcWEAAft_j.jpg","media_url_https":"https:\/\/pbs.twimg.com\/media\/Cub6UXcWEAAft_j.jpg","url":"https:\/\/t.co\/9bEAicy0N9","display_url":"pic.twitter.com\/9bEAicy0N9","expanded_url":"https:\/\/twitter.com\/suttonnick\/status\/785590430712885248\/photo\/1","type":"photo","sizes":{"small":{"w":534,"h":680,"resize":"fit"},"large":{"w":1608,"h":2048,"resize":"fit"},"medium":{"w":942,"h":1200,"resize":"fit"},"thumb":{"w":150,"h":150,"resize":"crop"}},"source_status_id":785590430712885248,"source_status_id_str":"785590430712885248","source_user_id":21910500,"source_user_id_str":"21910500"}]},"favorited":false,"retweeted":false,"possibly_sensitive":false,"filter_level":"low","lang":"en"},"is_quote_status":true,"retweet_count":0,"favorite_count":0,"entities":{"hashtags":[{"text":"Brexit","indices":[31,38]}],"urls":[{"url":"https:\/\/t.co\/KnX9vf9biP","expanded_url":"https:\/\/twitter.com\/bbcnews\/status\/785591847557234688","display_url":"twitter.com\/bbcnews\/status\u2026","indices":[82,105]}],"user_mentions":[{"screen_name":"derekvaughan","name":"Derek Vaughan MEP","id":21707498,"id_str":"21707498","indices":[3,16]}],"symbols":[]},"favorited":false,"retweeted":false,"possibly_sensitive":false,"filter_level":"low","lang":"en","timestamp_ms":"1476167083482"}
{"created_at":"Tue Oct 11 06:24:44 +0000 2016","id":785727818088919040,"id_str":"785727818088919040","text":"RT @UK__News: The Government has indicated that MPs could get a vote on the 'final' Brexit deal negotiated by Theresa May. https:\/\/t.co\/dyp\u2026","source":"\u003ca href=\"http:\/\/www.twitter.com\" rel=\"nofollow\"\u003eTwitter for Windows\u003c\/a\u003e","truncated":false,"in_reply_to_status_id":null,"in_reply_to_status_id_str":null,"in_reply_to_user_id":null,"in_reply_to_user_id_str":null,"in_reply_to_screen_name":null,"user":{"id":517086021,"id_str":"517086021","name":"ray clarke","screen_name":"raycaryl","location":null,"url":null,"description":null,"protected":false,"verified":false,"followers_count":1658,"friends_count":2028,"listed_count":584,"favourites_count":127433,"statuses_count":222855,"created_at":"Wed Mar 07 01:30:28 +0000 2012","utc_offset":null,"time_zone":null,"geo_enabled":false,"lang":"en","contributors_enabled":false,"is_translator":false,"profile_background_color":"C0DEED","profile_background_image_url":"http:\/\/abs.twimg.com\/images\/themes\/theme1\/bg.png","profile_background_image_url_https":"https:\/\/abs.twimg.com\/images\/themes\/theme1\/bg.png","profile_background_tile":false,"profile_link_color":"0084B4","profile_sidebar_border_color":"C0DEED","profile_sidebar_fill_color":"DDEEF6","profile_text_color":"333333","profile_use_background_image":true,"profile_image_url":"http:\/\/abs.twimg.com\/sticky\/default_profile_images\/default_profile_4_normal.png","profile_image_url_https":"https:\/\/abs.twimg.com\/sticky\/default_profile_images\/default_profile_4_normal.png","default_profile":true,"default_profile_image":true,"following":null,"follow_request_sent":null,"notifications":null},"geo":null,"coordinates":null,"place":null,"contributors":null,"retweeted_status":{"created_at":"Tue Oct 11 06:21:14 +0000 2016","id":785726935745847296,"id_str":"785726935745847296","text":"The Government has indicated that MPs could get a vote on the 'final' Brexit deal negotiated by Theresa May. https:\/\/t.co\/dypuxu9qsx","display_text_range":[0,108],"source":"\u003ca href=\"http:\/\/twitter.com\/#!\/download\/ipad\" rel=\"nofollow\"\u003eTwitter for iPad\u003c\/a\u003e","truncated":false,"in_reply_to_status_id":null,"in_reply_to_status_id_str":null,"in_reply_to_user_id":null,"in_reply_to_user_id_str":null,"in_reply_to_screen_name":null,"user":{"id":2223592112,"id_str":"2223592112","name":"UK News","screen_name":"UK__News","location":"United Kingdom","url":null,"description":"We're living in exciting times. Follow to stay abreast of the latest developments.","protected":false,"verified":false,"followers_count":21791,"friends_count":8625,"listed_count":252,"favourites_count":0,"statuses_count":16221,"created_at":"Sat Nov 30 19:09:25 +0000 2013","utc_offset":3600,"time_zone":"London","geo_enabled":false,"lang":"en","contributors_enabled":false,"is_translator":false,"profile_background_color":"C0DEED","profile_background_image_url":"http:\/\/pbs.twimg.com\/profile_background_images\/595917736674340865\/JRLfE4c1.jpg","profile_background_image_url_https":"https:\/\/pbs.twimg.com\/profile_background_images\/595917736674340865\/JRLfE4c1.jpg","profile_background_tile":false,"profile_link_color":"0084B4","profile_sidebar_border_color":"C0DEED","profile_sidebar_fill_color":"DDEEF6","profile_text_color":"333333","profile_use_background_image":true,"profile_image_url":"http:\/\/pbs.twimg.com\/profile_images\/620250194677002240\/zEEXepfI_normal.png","profile_image_url_https":"https:\/\/pbs.twimg.com\/profile_images\/620250194677002240\/zEEXepfI_normal.png","profile_banner_url":"https:\/\/pbs.twimg.com\/profile_banners\/2223592112\/1471902390","default_profile":false,"default_profile_image":false,"following":null,"follow_request_sent":null,"notifications":null},"geo":null,"coordinates":null,"place":null,"contributors":null,"is_quote_status":false,"retweet_count":2,"favorite_count":1,"entities":{"hashtags":[],"urls":[],"user_mentions":[],"symbols":[],"media":[{"id":785726931203481600,"id_str":"785726931203481600","indices":[109,132],"media_url":"http:\/\/pbs.twimg.com\/media\/Cud2eyDXYAA5YMx.jpg","media_url_https":"https:\/\/pbs.twimg.com\/media\/Cud2eyDXYAA5YMx.jpg","url":"https:\/\/t.co\/dypuxu9qsx","display_url":"pic.twitter.com\/dypuxu9qsx","expanded_url":"https:\/\/twitter.com\/UK__News\/status\/785726935745847296\/photo\/1","type":"photo","sizes":{"large":{"w":615,"h":409,"resize":"fit"},"thumb":{"w":150,"h":150,"resize":"crop"},"small":{"w":615,"h":409,"resize":"fit"},"medium":{"w":615,"h":409,"resize":"fit"}}}]},"extended_entities":{"media":[{"id":785726931203481600,"id_str":"785726931203481600","indices":[109,132],"media_url":"http:\/\/pbs.twimg.com\/media\/Cud2eyDXYAA5YMx.jpg","media_url_https":"https:\/\/pbs.twimg.com\/media\/Cud2eyDXYAA5YMx.jpg","url":"https:\/\/t.co\/dypuxu9qsx","display_url":"pic.twitter.com\/dypuxu9qsx","expanded_url":"https:\/\/twitter.com\/UK__News\/status\/785726935745847296\/photo\/1","type":"photo","sizes":{"large":{"w":615,"h":409,"resize":"fit"},"thumb":{"w":150,"h":150,"resize":"crop"},"small":{"w":615,"h":409,"resize":"fit"},"medium":{"w":615,"h":409,"resize":"fit"}}}]},"favorited":false,"retweeted":false,"possibly_sensitive":false,"filter_level":"low","lang":"en"},"is_quote_status":false,"retweet_count":0,"favorite_count":0,"entities":{"hashtags":[],"urls":[],"user_mentions":[{"screen_name":"UK__News","name":"UK News","id":2223592112,"id_str":"2223592112","indices":[3,12]}],"symbols":[]},"favorited":false,"retweeted":false,"filter_level":"low","lang":"en","timestamp_ms":"1476167084606"}
